faceFile,gender
Head_F_1.OBJ,F
Head_F_2.OBJ,F
Head_F_3.OBJ,F
Head_F_4.OBJ,F
Head_F_5.OBJ,F
Head_F_6.OBJ,F
Head_F_7.OBJ,F
Head_F_8.OBJ,F
Head_F_9.OBJ,F
Head_F_10.OBJ,F
Head_F_11.OBJ,F
Head_F_12.OBJ,F
Head_F_13.OBJ,F
Head_F_14.OBJ,F
Head_F_15.OBJ,F
Head_F_16.OBJ,F
Head_F_17.OBJ,F
Head_F_18.OBJ,F
Head_F_19.OBJ,F
Head_F_20.OBJ,F
Head_F_21.OBJ,F
Head_F_22.OBJ,F
Head_F_23.OBJ,F
Head_F_24.OBJ,F
Head_M_1.OBJ,M
Head_M_2.OBJ,M
Head_M_3.OBJ,M
Head_M_4.OBJ,M
Head_M_5.OBJ,M
Head_M_6.OBJ,M
Head_M_7.OBJ,M
Head_M_8.OBJ,M
Head_M_9.OBJ,M
Head_M_10.OBJ,M
Head_M_11.OBJ,M
Head_M_12.OBJ,M
Head_M_13.OBJ,M
Head_M_14.OBJ,M
Head_M_15.OBJ,M
Head_M_16.OBJ,M
Head_M_17.OBJ,M
Head_M_18.OBJ,M
Head_M_19.OBJ,M
Head_M_20.OBJ,M
Head_M_21.OBJ,M
Head_M_22.OBJ,M
Head_M_23.OBJ,M
Head_M_24.OBJ,M